{
    "parts": [
        {
            "instrument_id": [
                "shakuhachi",
                0
            ],
            "name": "shakuhachi",
            "voice_quantization_records": null,
            "voices": {
                "_unspecified_": [
                    {
                        "length": 2.5,
                        "pitch": 75,
                        "properties": {},
                        "start_time": 0.5,
                        "volume": {
                            "curve_shapes": [
                                0,
                                2,
                                0
                            ],
                            "durations": [
                                0.32608695652173836,
                                1.8478260869565233,
                                0.32608695652173836
                            ],
                            "levels": [
                                1.0,
                                0.2,
                                1.0,
                                1.0
                            ]
                        }
                    },
                    {
                        "length": 0.23471087640210087,
                        "pitch": 70,
                        "properties": {},
                        "start_time": 3.5,
                        "volume": 1.0
                    },
                    {
                        "length": 2.5,
                        "pitch": 97,
                        "properties": {},
                        "start_time": 4.734710876402101,
                        "volume": {
                            "curve_shapes": [
                                0,
                                2,
                                0
                            ],
                            "durations": [
                                0.32608695652173836,
                                1.8478260869565233,
                                0.32608695652173836
                            ],
                            "levels": [
                                1.0,
                                0.2,
                                1.0,
                                1.0
                            ]
                        }
                    },
                    {
                        "length": 0.2430993747303667,
                        "pitch": 82,
                        "properties": {},
                        "start_time": 7.734710876402101,
                        "volume": 1.0
                    },
                    {
                        "length": 0.2221885645844317,
                        "pitch": 70,
                        "properties": {},
                        "start_time": 8.977810251132468,
                        "volume": 1.0
                    },
                    {
                        "length": 2.5,
                        "pitch": 85,
                        "properties": {},
                        "start_time": 12.1999988157169,
                        "volume": {
                            "curve_shapes": [
                                0,
                                2,
                                0
                            ],
                            "durations": [
                                0.32608695652173836,
                                1.8478260869565233,
                                0.32608695652173836
                            ],
                            "levels": [
                                1.0,
                                0.2,
                                1.0,
                                1.0
                            ]
                        }
                    }
                ]
            }
        },
        {
            "instrument_id": [
                "oboe",
                0
            ],
            "name": "oboe",
            "voice_quantization_records": null,
            "voices": {
                "_unspecified_": [
                    {
                        "length": 0.25,
                        "pitch": 95.18758487213728,
                        "properties": {},
                        "start_time": 0.0,
                        "volume": 0.4
                    },
                    {
                        "length": 0.25,
                        "pitch": 94.03937886271181,
                        "properties": {},
                        "start_time": 0.25,
                        "volume": 0.4
                    },
                    {
                        "length": 0.25,
                        "pitch": 91.98330894837103,
                        "properties": {},
                        "start_time": 0.5,
                        "volume": 0.4
                    },
                    {
                        "length": 0.25,
                        "pitch": 92.90114657282166,
                        "properties": {},
                        "start_time": 0.75,
                        "volume": 0.4
                    },
                    {
                        "length": 0.25,
                        "pitch": 90.98925934929957,
                        "properties": {},
                        "start_time": 1.0,
                        "volume": 0.4
                    },
                    {
                        "length": 0.25,
                        "pitch": 93.25553522183544,
                        "properties": {},
                        "start_time": 1.25,
                        "volume": 0.4
                    },
                    {
                        "length": 0.25,
                        "pitch": 91.48439074737692,
                        "properties": {},
                        "start_time": 1.5,
                        "volume": 0.4
                    },
                    {
                        "length": 0.25,
                        "pitch": 90.94072095715374,
                        "properties": {},
                        "start_time": 1.75,
                        "volume": 0.4
                    },
                    {
                        "length": 0.25,
                        "pitch": 96.47239881644245,
                        "properties": {},
                        "start_time": 2.0,
                        "volume": 0.4
                    },
                    {
                        "length": 0.25,
                        "pitch": 93.90188819304794,
                        "properties": {},
                        "start_time": 2.25,
                        "volume": 0.4
                    },
                    {
                        "length": 0.25,
                        "pitch": 95.10441779970004,
                        "properties": {},
                        "start_time": 2.5,
                        "volume": 0.4
                    },
                    {
                        "length": 0.25,
                        "pitch": 95.24061865761055,
                        "properties": {},
                        "start_time": 2.75,
                        "volume": 0.4
                    },
                    {
                        "length": 0.25,
                        "pitch": 95.41991278147758,
                        "properties": {},
                        "start_time": 3.0,
                        "volume": 0.4
                    },
                    {
                        "length": 0.25,
                        "pitch": 95.33383868802028,
                        "properties": {},
                        "start_time": 3.25,
                        "volume": 0.4
                    },
                    {
                        "length": 0.25,
                        "pitch": 90.01133328138609,
                        "properties": {},
                        "start_time": 3.5,